<?xml version="1.0" encoding="UTF-8"?>
<!DOCTYPE hibernate-configuration PUBLIC
    "-//Hibernate/Hibernate Configuration DTD//EN"
    "http://hibernate.sourceforge.net/hibernate-configuration-3.0.dtd"> 
    
<hibernate-configuration>
    <session-factory>
        <!-- Database connection settings -->
        <property name="connection.driver_class">com.mysql.jdbc.Driver</property>
        <property name="connection.url">jdbc:mysql://localhost:3306/skillfinderdb?createDatabaseIfNotExist=true</property>
        <property name="connection.username">root</property>
        <property name="connection.password">mysql</property>
        
        <property name="dialect">org.hibernate.dialect.MySQLDialect</property>
        <property name="show_sql">true</property>
        <property name="hbm2ddl.auto">update</property>
 
 		<mapping class="com.skillfinder.model.User"/>
 		<mapping class="com.skillfinder.model.Certificate"/>
 		<mapping class="com.skillfinder.model.CommonData"/>
 		<mapping class="com.skillfinder.model.Achievements"/>
 		<mapping class="com.skillfinder.model.Education"/>
 		<mapping class="com.skillfinder.model.Endorsement"/>
 		<mapping class="com.skillfinder.model.PostGraduateEducation"/>
 		<mapping class="com.skillfinder.model.SecondaryEducation"/>
 		<mapping class="com.skillfinder.model.SeniorSecondaryEducation"/>
 		<mapping class="com.skillfinder.model.Skill"/>
 		<mapping class="com.skillfinder.model.UnderGraduateEducation"/>
 		<mapping class="com.skillfinder.model.Work"/>
 		
 		 
    </session-factory>
</hibernate-configuration>